name,activities,automotive,confidence,cycling,device_id,device_label,label,running,stationary,timestamp,unknown,walking
plugin_ios_activity_recognition,"[""stationary""]",0,2,0,4ae192f8-8fd0-49b8-a635-d006bd10ed27,19HL,supplement,0,1,1601424177343,0,0
plugin_ios_activity_recognition,"[""stationary""]",0,2,0,4ae192f8-8fd0-49b8-a635-d006bd10ed27,19HL,supplement,0,1,1601424357343,0,0
plugin_ios_activity_recognition,"[""stationary""]",0,2,0,4ae192f8-8fd0-49b8-a635-d006bd10ed27,19HL,supplement,0,1,1601424537343,0,0
plugin_ios_activity_recognition,"[""stationary""]",0,2,0,4ae192f8-8fd0-49b8-a635-d006bd10ed27,19HL,supplement,0,1,1601424717343,0,0
plugin_ios_activity_recognition,"[""stationary""]",0,2,0,4ae192f8-8fd0-49b8-a635-d006bd10ed27,19HL,supplement,0,1,1601424897343,0,0
plugin_ios_activity_recognition,"[""stationary""]",0,2,0,4ae192f8-8fd0-49b8-a635-d006bd10ed27,19HL,supplement,0,1,1601425077343,0,0
plugin_ios_activity_recognition,"[""stationary""]",0,2,0,4ae192f8-8fd0-49b8-a635-d006bd10ed27,19HL,supplement,0,1,1601425257343,0,0
plugin_ios_activity_recognition,"[""stationary""]",0,2,0,4ae192f8-8fd0-49b8-a635-d006bd10ed27,19HL,supplement,0,1,1601425437343,0,0
plugin_ios_activity_recognition,"[""stationary""]",0,2,0,4ae192f8-8fd0-49b8-a635-d006bd10ed27,19HL,supplement,0,1,1601425617343,0,0
plugin_ios_activity_recognition,"[""stationary""]",0,2,0,4ae192f8-8fd0-49b8-a635-d006bd10ed27,19HL,supplement,0,1,1601425797343,0,0
plugin_ios_activity_recognition,"[""stationary""]",0,2,0,4ae192f8-8fd0-49b8-a635-d006bd10ed27,19HL,supplement,0,1,1601425977343,0,0
plugin_ios_activity_recognition,"[""stationary""]",0,2,0,4ae192f8-8fd0-49b8-a635-d006bd10ed27,19HL,supplement,0,1,1601426157343,0,0
plugin_ios_activity_recognition,"[""stationary""]",0,2,0,4ae192f8-8fd0-49b8-a635-d006bd10ed27,19HL,supplement,0,1,1601426337343,0,0
plugin_ios_activity_recognition,"[""stationary""]",0,2,0,4ae192f8-8fd0-49b8-a635-d006bd10ed27,19HL,supplement,0,1,1601426517343,0,0
plugin_ios_activity_recognition,"[""stationary""]",0,2,0,4ae192f8-8fd0-49b8-a635-d006bd10ed27,19HL,supplement,0,1,1601426697343,0,0
plugin_ios_activity_recognition,"[""stationary""]",0,2,0,4ae192f8-8fd0-49b8-a635-d006bd10ed27,19HL,supplement,0,1,1601426877343,0,0
plugin_ios_activity_recognition,"[""stationary""]",0,2,0,4ae192f8-8fd0-49b8-a635-d006bd10ed27,19HL,supplement,0,1,1601427057343,0,0
plugin_ios_activity_recognition,"[""stationary""]",0,2,0,4ae192f8-8fd0-49b8-a635-d006bd10ed27,19HL,supplement,0,1,1601427237343,0,0
plugin_ios_activity_recognition,"[""stationary""]",0,2,0,4ae192f8-8fd0-49b8-a635-d006bd10ed27,19HL,supplement,0,1,1601427417343,0,0
plugin_ios_activity_recognition,"[""stationary""]",0,2,0,4ae192f8-8fd0-49b8-a635-d006bd10ed27,19HL,supplement,0,1,1601427597343,0,0
plugin_ios_activity_recognition,"[""stationary""]",0,2,0,4ae192f8-8fd0-49b8-a635-d006bd10ed27,19HL,supplement,0,1,1601427777343,0,0
plugin_ios_activity_recognition,"[""stationary""]",0,2,0,4ae192f8-8fd0-49b8-a635-d006bd10ed27,19HL,supplement,0,1,1601427957343,0,0
plugin_ios_activity_recognition,"[""stationary""]",0,2,0,4ae192f8-8fd0-49b8-a635-d006bd10ed27,19HL,supplement,0,1,1601428137343,0,0
plugin_ios_activity_recognition,"[""stationary""]",0,2,0,4ae192f8-8fd0-49b8-a635-d006bd10ed27,19HL,supplement,0,1,1601428317343,0,0
plugin_ios_activity_recognition,"[""stationary""]",0,2,0,4ae192f8-8fd0-49b8-a635-d006bd10ed27,19HL,supplement,0,1,1601428497343,0,0
plugin_ios_activity_recognition,"[""stationary""]",0,2,0,4ae192f8-8fd0-49b8-a635-d006bd10ed27,19HL,supplement,0,1,1601428677343,0,0
plugin_ios_activity_recognition,"[""stationary""]",0,2,0,4ae192f8-8fd0-49b8-a635-d006bd10ed27,19HL,supplement,0,1,1601428857343,0,0
plugin_ios_activity_recognition,"[""stationary""]",0,2,0,4ae192f8-8fd0-49b8-a635-d006bd10ed27,19HL,supplement,0,1,1601429037343,0,0
plugin_ios_activity_recognition,"[""stationary""]",0,2,0,4ae192f8-8fd0-49b8-a635-d006bd10ed27,19HL,supplement,0,1,1601429217343,0,0
plugin_ios_activity_recognition,"[""stationary""]",0,2,0,4ae192f8-8fd0-49b8-a635-d006bd10ed27,19HL,supplement,0,1,1601429397343,0,0
plugin_ios_activity_recognition,"[""stationary""]",0,2,0,4ae192f8-8fd0-49b8-a635-d006bd10ed27,19HL,supplement,0,1,1601429577343,0,0
plugin_ios_activity_recognition,"[""stationary""]",0,2,0,4ae192f8-8fd0-49b8-a635-d006bd10ed27,19HL,supplement,0,1,1601429757343,0,0
plugin_ios_activity_recognition,"[""stationary""]",0,2,0,4ae192f8-8fd0-49b8-a635-d006bd10ed27,19HL,supplement,0,1,1601429937343,0,0
plugin_ios_activity_recognition,"[""stationary""]",0,2,0,4ae192f8-8fd0-49b8-a635-d006bd10ed27,19HL,supplement,0,1,1601430117343,0,0
plugin_ios_activity_recognition,"[""stationary""]",0,2,0,4ae192f8-8fd0-49b8-a635-d006bd10ed27,19HL,supplement,0,1,1601430297343,0,0
plugin_ios_activity_recognition,"[""stationary""]",0,2,0,4ae192f8-8fd0-49b8-a635-d006bd10ed27,19HL,supplement,0,1,1601430477343,0,0
plugin_ios_activity_recognition,"[""stationary""]",0,2,0,4ae192f8-8fd0-49b8-a635-d006bd10ed27,19HL,supplement,0,1,1601430657343,0,0
plugin_ios_activity_recognition,"[""stationary""]",0,2,0,4ae192f8-8fd0-49b8-a635-d006bd10ed27,19HL,supplement,0,1,1601430837343,0,0
plugin_ios_activity_recognition,"[""stationary""]",0,2,0,4ae192f8-8fd0-49b8-a635-d006bd10ed27,19HL,supplement,0,1,1601431017343,0,0
plugin_ios_activity_recognition,"[""stationary""]",0,2,0,4ae192f8-8fd0-49b8-a635-d006bd10ed27,19HL,supplement,0,1,1601431197343,0,0
plugin_ios_activity_recognition,"[""stationary""]",0,2,0,4ae192f8-8fd0-49b8-a635-d006bd10ed27,19HL,supplement,0,1,1601431377343,0,0
plugin_ios_activity_recognition,"[""stationary""]",0,2,0,4ae192f8-8fd0-49b8-a635-d006bd10ed27,19HL,supplement,0,1,1601431557343,0,0
plugin_ios_activity_recognition,"[""stationary""]",0,2,0,4ae192f8-8fd0-49b8-a635-d006bd10ed27,19HL,supplement,0,1,1601431737343,0,0
plugin_ios_activity_recognition,"[""stationary""]",0,2,0,4ae192f8-8fd0-49b8-a635-d006bd10ed27,19HL,supplement,0,1,1601431917343,0,0
plugin_ios_activity_recognition,"[""stationary""]",0,2,0,4ae192f8-8fd0-49b8-a635-d006bd10ed27,19HL,supplement,0,1,1601432097343,0,0
plugin_ios_activity_recognition,"[""stationary""]",0,2,0,4ae192f8-8fd0-49b8-a635-d006bd10ed27,19HL,supplement,0,1,1601432277343,0,0
plugin_ios_activity_recognition,"[""stationary""]",0,2,0,4ae192f8-8fd0-49b8-a635-d006bd10ed27,19HL,supplement,0,1,1601432457343,0,0
plugin_ios_activity_recognition,"[""stationary""]",0,2,0,4ae192f8-8fd0-49b8-a635-d006bd10ed27,19HL,supplement,0,1,1601432637343,0,0
plugin_ios_activity_recognition,"[""stationary""]",0,2,0,4ae192f8-8fd0-49b8-a635-d006bd10ed27,19HL,supplement,0,1,1601432817343,0,0
plugin_ios_activity_recognition,"[""stationary""]",0,2,0,4ae192f8-8fd0-49b8-a635-d006bd10ed27,19HL,supplement,0,1,1601432997343,0,0
plugin_ios_activity_recognition,"[""stationary""]",0,2,0,4ae192f8-8fd0-49b8-a635-d006bd10ed27,19HL,supplement,0,1,1601433177343,0,0
plugin_ios_activity_recognition,"[""stationary""]",0,2,0,4ae192f8-8fd0-49b8-a635-d006bd10ed27,19HL,supplement,0,1,1601433357343,0,0
plugin_ios_activity_recognition,"[""stationary""]",0,2,0,4ae192f8-8fd0-49b8-a635-d006bd10ed27,19HL,supplement,0,1,1601433537343,0,0
plugin_ios_activity_recognition,"[""stationary""]",0,2,0,4ae192f8-8fd0-49b8-a635-d006bd10ed27,19HL,supplement,0,1,1601433717343,0,0
plugin_ios_activity_recognition,"[""stationary""]",0,2,0,4ae192f8-8fd0-49b8-a635-d006bd10ed27,19HL,supplement,0,1,1601433897343,0,0
plugin_ios_activity_recognition,"[""stationary""]",0,2,0,4ae192f8-8fd0-49b8-a635-d006bd10ed27,19HL,supplement,0,1,1601434077343,0,0
plugin_ios_activity_recognition,"[""stationary""]",0,2,0,4ae192f8-8fd0-49b8-a635-d006bd10ed27,19HL,supplement,0,1,1601434257343,0,0
plugin_ios_activity_recognition,"[""stationary""]",0,2,0,4ae192f8-8fd0-49b8-a635-d006bd10ed27,19HL,supplement,0,1,1601434437343,0,0
plugin_ios_activity_recognition,"[""stationary""]",0,2,0,4ae192f8-8fd0-49b8-a635-d006bd10ed27,19HL,supplement,0,1,1601434617343,0,0
plugin_ios_activity_recognition,"[""stationary""]",0,2,0,4ae192f8-8fd0-49b8-a635-d006bd10ed27,19HL,supplement,0,1,1601434797343,0,0
plugin_ios_activity_recognition,"[""stationary""]",0,2,0,4ae192f8-8fd0-49b8-a635-d006bd10ed27,19HL,supplement,0,1,1601434977343,0,0
plugin_ios_activity_recognition,"[""stationary""]",0,2,0,4ae192f8-8fd0-49b8-a635-d006bd10ed27,19HL,supplement,0,1,1601435157343,0,0
plugin_ios_activity_recognition,"[""stationary""]",0,2,0,4ae192f8-8fd0-49b8-a635-d006bd10ed27,19HL,supplement,0,1,1601435337343,0,0
plugin_ios_activity_recognition,"[""stationary""]",0,2,0,4ae192f8-8fd0-49b8-a635-d006bd10ed27,19HL,supplement,0,1,1601435517343,0,0
plugin_ios_activity_recognition,"[""stationary""]",0,2,0,4ae192f8-8fd0-49b8-a635-d006bd10ed27,19HL,supplement,0,1,1601435697343,0,0
plugin_ios_activity_recognition,"[""stationary""]",0,2,0,4ae192f8-8fd0-49b8-a635-d006bd10ed27,19HL,supplement,0,1,1601435877343,0,0
plugin_ios_activity_recognition,"[""stationary""]",0,2,0,4ae192f8-8fd0-49b8-a635-d006bd10ed27,19HL,supplement,0,1,1601436057343,0,0
plugin_ios_activity_recognition,"[""stationary""]",0,2,0,4ae192f8-8fd0-49b8-a635-d006bd10ed27,19HL,supplement,0,1,1601436237343,0,0
plugin_ios_activity_recognition,"[""stationary""]",0,2,0,4ae192f8-8fd0-49b8-a635-d006bd10ed27,19HL,supplement,0,1,1601436417343,0,0
plugin_ios_activity_recognition,"[""stationary""]",0,2,0,4ae192f8-8fd0-49b8-a635-d006bd10ed27,19HL,supplement,0,1,1601436597343,0,0
plugin_ios_activity_recognition,"[""stationary""]",0,2,0,4ae192f8-8fd0-49b8-a635-d006bd10ed27,19HL,supplement,0,1,1601436777343,0,0
plugin_ios_activity_recognition,"[""stationary""]",0,2,0,4ae192f8-8fd0-49b8-a635-d006bd10ed27,19HL,supplement,0,1,1601436957343,0,0
plugin_ios_activity_recognition,"[""stationary""]",0,2,0,4ae192f8-8fd0-49b8-a635-d006bd10ed27,19HL,supplement,0,1,1601437137343,0,0
plugin_ios_activity_recognition,"[""stationary""]",0,2,0,4ae192f8-8fd0-49b8-a635-d006bd10ed27,19HL,supplement,0,1,1601437317343,0,0
plugin_ios_activity_recognition,"[""stationary""]",0,2,0,4ae192f8-8fd0-49b8-a635-d006bd10ed27,19HL,supplement,0,1,1601437497343,0,0
plugin_ios_activity_recognition,"[""stationary""]",0,2,0,4ae192f8-8fd0-49b8-a635-d006bd10ed27,19HL,supplement,0,1,1601437677343,0,0
plugin_ios_activity_recognition,"[""stationary""]",0,2,0,4ae192f8-8fd0-49b8-a635-d006bd10ed27,19HL,supplement,0,1,1601437857343,0,0
plugin_ios_activity_recognition,"[""stationary""]",0,2,0,4ae192f8-8fd0-49b8-a635-d006bd10ed27,19HL,supplement,0,1,1601438037343,0,0
plugin_ios_activity_recognition,"[""stationary""]",0,2,0,4ae192f8-8fd0-49b8-a635-d006bd10ed27,19HL,supplement,0,1,1601438217343,0,0
plugin_ios_activity_recognition,"[""stationary""]",0,2,0,4ae192f8-8fd0-49b8-a635-d006bd10ed27,19HL,supplement,0,1,1601438397343,0,0
plugin_ios_activity_recognition,"[""stationary""]",0,2,0,4ae192f8-8fd0-49b8-a635-d006bd10ed27,19HL,supplement,0,1,1601438577343,0,0
plugin_ios_activity_recognition,"[""stationary""]",0,2,0,4ae192f8-8fd0-49b8-a635-d006bd10ed27,19HL,supplement,0,1,1601438757343,0,0
plugin_ios_activity_recognition,"[""stationary""]",0,2,0,4ae192f8-8fd0-49b8-a635-d006bd10ed27,19HL,supplement,0,1,1601438937343,0,0
plugin_ios_activity_recognition,"[""stationary""]",0,2,0,4ae192f8-8fd0-49b8-a635-d006bd10ed27,19HL,supplement,0,1,1601439117343,0,0
plugin_ios_activity_recognition,"[""stationary""]",0,2,0,4ae192f8-8fd0-49b8-a635-d006bd10ed27,19HL,supplement,0,1,1601439297343,0,0
plugin_ios_activity_recognition,"[""stationary""]",0,2,0,4ae192f8-8fd0-49b8-a635-d006bd10ed27,19HL,supplement,0,1,1601439477343,0,0
plugin_ios_activity_recognition,"[""stationary""]",0,2,0,4ae192f8-8fd0-49b8-a635-d006bd10ed27,19HL,supplement,0,1,1601439657343,0,0
plugin_ios_activity_recognition,"[""stationary""]",0,2,0,4ae192f8-8fd0-49b8-a635-d006bd10ed27,19HL,supplement,0,1,1601439837343,0,0
plugin_ios_activity_recognition,"[""stationary""]",0,2,0,4ae192f8-8fd0-49b8-a635-d006bd10ed27,19HL,supplement,0,1,1601440017343,0,0
plugin_ios_activity_recognition,"[""stationary""]",0,2,0,4ae192f8-8fd0-49b8-a635-d006bd10ed27,19HL,supplement,0,1,1601440197343,0,0
plugin_ios_activity_recognition,"[""stationary""]",0,2,0,4ae192f8-8fd0-49b8-a635-d006bd10ed27,19HL,supplement,0,1,1601440377343,0,0
plugin_ios_activity_recognition,"[""stationary""]",0,2,0,4ae192f8-8fd0-49b8-a635-d006bd10ed27,19HL,supplement,0,1,1601440557343,0,0
plugin_ios_activity_recognition,"[""stationary""]",0,2,0,4ae192f8-8fd0-49b8-a635-d006bd10ed27,19HL,supplement,0,1,1601440737343,0,0
plugin_ios_activity_recognition,"[""stationary""]",0,2,0,4ae192f8-8fd0-49b8-a635-d006bd10ed27,19HL,supplement,0,1,1601440917343,0,0
plugin_ios_activity_recognition,"[""stationary""]",0,2,0,4ae192f8-8fd0-49b8-a635-d006bd10ed27,19HL,supplement,0,1,1601441097343,0,0
plugin_ios_activity_recognition,"[""stationary""]",0,2,0,4ae192f8-8fd0-49b8-a635-d006bd10ed27,19HL,supplement,0,1,1601441277343,0,0
plugin_ios_activity_recognition,"[""stationary""]",0,2,0,4ae192f8-8fd0-49b8-a635-d006bd10ed27,19HL,supplement,0,1,1601441457343,0,0
plugin_ios_activity_recognition,"[""stationary""]",0,2,0,4ae192f8-8fd0-49b8-a635-d006bd10ed27,19HL,supplement,0,1,1601441637343,0,0
plugin_ios_activity_recognition,"[""stationary""]",0,2,0,4ae192f8-8fd0-49b8-a635-d006bd10ed27,19HL,supplement,0,1,1601441817343,0,0
plugin_ios_activity_recognition,"[""stationary""]",0,2,0,4ae192f8-8fd0-49b8-a635-d006bd10ed27,19HL,supplement,0,1,1601441997343,0,0
plugin_ios_activity_recognition,"[""stationary""]",0,2,0,4ae192f8-8fd0-49b8-a635-d006bd10ed27,19HL,supplement,0,1,1601442177343,0,0
plugin_ios_activity_recognition,"[""stationary""]",0,2,0,4ae192f8-8fd0-49b8-a635-d006bd10ed27,19HL,supplement,0,1,1601442357343,0,0
plugin_ios_activity_recognition,"[""stationary""]",0,2,0,4ae192f8-8fd0-49b8-a635-d006bd10ed27,19HL,supplement,0,1,1601442537343,0,0
plugin_ios_activity_recognition,"[""stationary""]",0,2,0,4ae192f8-8fd0-49b8-a635-d006bd10ed27,19HL,supplement,0,1,1601442717343,0,0
plugin_ios_activity_recognition,"[""stationary""]",0,2,0,4ae192f8-8fd0-49b8-a635-d006bd10ed27,19HL,supplement,0,1,1601442897343,0,0
plugin_ios_activity_recognition,"[""stationary""]",0,2,0,4ae192f8-8fd0-49b8-a635-d006bd10ed27,19HL,supplement,0,1,1601443077343,0,0
plugin_ios_activity_recognition,"[""stationary""]",0,2,0,4ae192f8-8fd0-49b8-a635-d006bd10ed27,19HL,supplement,0,1,1601443257343,0,0
plugin_ios_activity_recognition,"[""stationary""]",0,2,0,4ae192f8-8fd0-49b8-a635-d006bd10ed27,19HL,supplement,0,1,1601443437343,0,0
plugin_ios_activity_recognition,"[""stationary""]",0,2,0,4ae192f8-8fd0-49b8-a635-d006bd10ed27,19HL,supplement,0,1,1601443617343,0,0
plugin_ios_activity_recognition,"[""stationary""]",0,2,0,4ae192f8-8fd0-49b8-a635-d006bd10ed27,19HL,supplement,0,1,1601443797343,0,0
plugin_ios_activity_recognition,"[""stationary""]",0,2,0,4ae192f8-8fd0-49b8-a635-d006bd10ed27,19HL,supplement,0,1,1601443977343,0,0
plugin_ios_activity_recognition,"[""stationary""]",0,2,0,4ae192f8-8fd0-49b8-a635-d006bd10ed27,19HL,supplement,0,1,1601444157343,0,0
plugin_ios_activity_recognition,"[""stationary""]",0,2,0,4ae192f8-8fd0-49b8-a635-d006bd10ed27,19HL,supplement,0,1,1601444337343,0,0
plugin_ios_activity_recognition,"[""stationary""]",0,2,0,4ae192f8-8fd0-49b8-a635-d006bd10ed27,19HL,supplement,0,1,1601444517343,0,0
plugin_ios_activity_recognition,"[""stationary""]",0,2,0,4ae192f8-8fd0-49b8-a635-d006bd10ed27,19HL,supplement,0,1,1601444697343,0,0
plugin_ios_activity_recognition,"[""stationary""]",0,2,0,4ae192f8-8fd0-49b8-a635-d006bd10ed27,19HL,supplement,0,1,1601444877343,0,0
plugin_ios_activity_recognition,"[""stationary""]",0,2,0,4ae192f8-8fd0-49b8-a635-d006bd10ed27,19HL,supplement,0,1,1601445057343,0,0
plugin_ios_activity_recognition,"[""stationary""]",0,2,0,4ae192f8-8fd0-49b8-a635-d006bd10ed27,19HL,supplement,0,1,1601445237343,0,0
plugin_ios_activity_recognition,"[""stationary""]",0,2,0,4ae192f8-8fd0-49b8-a635-d006bd10ed27,19HL,supplement,0,1,1601445417343,0,0
plugin_ios_activity_recognition,"[""stationary""]",0,2,0,4ae192f8-8fd0-49b8-a635-d006bd10ed27,19HL,supplement,0,1,1601445597343,0,0
plugin_ios_activity_recognition,"[""stationary""]",0,2,0,4ae192f8-8fd0-49b8-a635-d006bd10ed27,19HL,supplement,0,1,1601445777343,0,0
plugin_ios_activity_recognition,"[""stationary""]",0,2,0,4ae192f8-8fd0-49b8-a635-d006bd10ed27,19HL,supplement,0,1,1601445957343,0,0
plugin_ios_activity_recognition,"[""stationary""]",0,2,0,4ae192f8-8fd0-49b8-a635-d006bd10ed27,19HL,supplement,0,1,1601446137343,0,0
plugin_ios_activity_recognition,"[""stationary""]",0,2,0,4ae192f8-8fd0-49b8-a635-d006bd10ed27,19HL,supplement,0,1,1601446317343,0,0
plugin_ios_activity_recognition,"[""stationary""]",0,2,0,4ae192f8-8fd0-49b8-a635-d006bd10ed27,19HL,supplement,0,1,1601446497343,0,0
plugin_ios_activity_recognition,"[""stationary""]",0,2,0,4ae192f8-8fd0-49b8-a635-d006bd10ed27,19HL,supplement,0,1,1601446677343,0,0
plugin_ios_activity_recognition,"[""stationary""]",0,2,0,4ae192f8-8fd0-49b8-a635-d006bd10ed27,19HL,supplement,0,1,1601446857343,0,0
plugin_ios_activity_recognition,"[""stationary""]",0,2,0,4ae192f8-8fd0-49b8-a635-d006bd10ed27,19HL,supplement,0,1,1601447037343,0,0
plugin_ios_activity_recognition,"[""stationary""]",0,2,0,4ae192f8-8fd0-49b8-a635-d006bd10ed27,19HL,supplement,0,1,1601447217343,0,0
plugin_ios_activity_recognition,"[""stationary""]",0,2,0,4ae192f8-8fd0-49b8-a635-d006bd10ed27,19HL,supplement,0,1,1601447397343,0,0
plugin_ios_activity_recognition,"[""stationary""]",0,2,0,4ae192f8-8fd0-49b8-a635-d006bd10ed27,19HL,supplement,0,1,1601447577343,0,0
plugin_ios_activity_recognition,"[""stationary""]",0,2,0,4ae192f8-8fd0-49b8-a635-d006bd10ed27,19HL,supplement,0,1,1601447757343,0,0
plugin_ios_activity_recognition,"[""stationary""]",0,2,0,4ae192f8-8fd0-49b8-a635-d006bd10ed27,19HL,supplement,0,1,1601447937343,0,0
plugin_ios_activity_recognition,"[""stationary""]",0,2,0,4ae192f8-8fd0-49b8-a635-d006bd10ed27,19HL,supplement,0,1,1601448117343,0,0
plugin_ios_activity_recognition,"[""stationary""]",0,2,0,4ae192f8-8fd0-49b8-a635-d006bd10ed27,19HL,supplement,0,1,1601448297343,0,0
plugin_ios_activity_recognition,"[""stationary""]",0,2,0,4ae192f8-8fd0-49b8-a635-d006bd10ed27,19HL,supplement,0,1,1601448477343,0,0
plugin_ios_activity_recognition,"[""stationary""]",0,2,0,4ae192f8-8fd0-49b8-a635-d006bd10ed27,19HL,supplement,0,1,1601448657343,0,0
plugin_ios_activity_recognition,"[""stationary""]",0,2,0,4ae192f8-8fd0-49b8-a635-d006bd10ed27,19HL,supplement,0,1,1601448837343,0,0
plugin_ios_activity_recognition,"[""stationary""]",0,2,0,4ae192f8-8fd0-49b8-a635-d006bd10ed27,19HL,supplement,0,1,1601449017343,0,0
plugin_ios_activity_recognition,"[""stationary""]",0,2,0,4ae192f8-8fd0-49b8-a635-d006bd10ed27,19HL,supplement,0,1,1601449197343,0,0
plugin_ios_activity_recognition,"[""stationary""]",0,2,0,4ae192f8-8fd0-49b8-a635-d006bd10ed27,19HL,supplement,0,1,1601449377343,0,0
plugin_ios_activity_recognition,"[""stationary""]",0,2,0,4ae192f8-8fd0-49b8-a635-d006bd10ed27,19HL,supplement,0,1,1601449557343,0,0
plugin_ios_activity_recognition,"[""stationary""]",0,2,0,4ae192f8-8fd0-49b8-a635-d006bd10ed27,19HL,supplement,0,1,1601449737343,0,0
plugin_ios_activity_recognition,"[""stationary""]",0,2,0,4ae192f8-8fd0-49b8-a635-d006bd10ed27,19HL,supplement,0,1,1601449917343,0,0
plugin_ios_activity_recognition,"[""stationary""]",0,2,0,4ae192f8-8fd0-49b8-a635-d006bd10ed27,19HL,supplement,0,1,1601450097343,0,0
plugin_ios_activity_recognition,"[""stationary""]",0,2,0,4ae192f8-8fd0-49b8-a635-d006bd10ed27,19HL,supplement,0,1,1601450277343,0,0
plugin_ios_activity_recognition,"[""stationary""]",0,2,0,4ae192f8-8fd0-49b8-a635-d006bd10ed27,19HL,supplement,0,1,1601450457343,0,0
plugin_ios_activity_recognition,"[""stationary""]",0,2,0,4ae192f8-8fd0-49b8-a635-d006bd10ed27,19HL,supplement,0,1,1601450637343,0,0
plugin_ios_activity_recognition,"[""stationary""]",0,2,0,4ae192f8-8fd0-49b8-a635-d006bd10ed27,19HL,supplement,0,1,1601450817343,0,0
plugin_ios_activity_recognition,"[""stationary""]",0,2,0,4ae192f8-8fd0-49b8-a635-d006bd10ed27,19HL,supplement,0,1,1601450997343,0,0
plugin_ios_activity_recognition,"[""stationary""]",0,2,0,4ae192f8-8fd0-49b8-a635-d006bd10ed27,19HL,supplement,0,1,1601451177343,0,0
plugin_ios_activity_recognition,"[""stationary""]",0,2,0,4ae192f8-8fd0-49b8-a635-d006bd10ed27,19HL,supplement,0,1,1601451357343,0,0
plugin_ios_activity_recognition,"[""stationary""]",0,2,0,4ae192f8-8fd0-49b8-a635-d006bd10ed27,19HL,supplement,0,1,1601451537343,0,0
plugin_ios_activity_recognition,"[""stationary""]",0,2,0,4ae192f8-8fd0-49b8-a635-d006bd10ed27,19HL,supplement,0,1,1601451717343,0,0
plugin_ios_activity_recognition,"[""stationary""]",0,2,0,4ae192f8-8fd0-49b8-a635-d006bd10ed27,19HL,supplement,0,1,1601451897343,0,0
plugin_ios_activity_recognition,"[""stationary""]",0,2,0,4ae192f8-8fd0-49b8-a635-d006bd10ed27,19HL,supplement,0,1,1601452077343,0,0
plugin_ios_activity_recognition,"[""stationary""]",0,2,0,4ae192f8-8fd0-49b8-a635-d006bd10ed27,19HL,supplement,0,1,1601452257343,0,0
plugin_ios_activity_recognition,"[""stationary""]",0,2,0,4ae192f8-8fd0-49b8-a635-d006bd10ed27,19HL,supplement,0,1,1601452437343,0,0
plugin_ios_activity_recognition,"[""stationary""]",0,2,0,4ae192f8-8fd0-49b8-a635-d006bd10ed27,19HL,supplement,0,1,1601452617343,0,0
plugin_ios_activity_recognition,"[""stationary""]",0,2,0,4ae192f8-8fd0-49b8-a635-d006bd10ed27,19HL,supplement,0,1,1601452797343,0,0
plugin_ios_activity_recognition,"[""stationary""]",0,2,0,4ae192f8-8fd0-49b8-a635-d006bd10ed27,19HL,supplement,0,1,1601452977343,0,0
plugin_ios_activity_recognition,"[""stationary""]",0,2,0,4ae192f8-8fd0-49b8-a635-d006bd10ed27,19HL,supplement,0,1,1601453157343,0,0
plugin_ios_activity_recognition,"[""stationary""]",0,2,0,4ae192f8-8fd0-49b8-a635-d006bd10ed27,19HL,supplement,0,1,1601453337343,0,0
plugin_ios_activity_recognition,"[""stationary""]",0,2,0,4ae192f8-8fd0-49b8-a635-d006bd10ed27,19HL,supplement,0,1,1601453517343,0,0
plugin_ios_activity_recognition,"[""stationary""]",0,2,0,4ae192f8-8fd0-49b8-a635-d006bd10ed27,19HL,supplement,0,1,1601453697343,0,0
plugin_ios_activity_recognition,"[""stationary""]",0,2,0,4ae192f8-8fd0-49b8-a635-d006bd10ed27,19HL,supplement,0,1,1601453877343,0,0
plugin_ios_activity_recognition,"[""stationary""]",0,2,0,4ae192f8-8fd0-49b8-a635-d006bd10ed27,19HL,supplement,0,1,1601454057343,0,0
plugin_ios_activity_recognition,"[""stationary""]",0,2,0,4ae192f8-8fd0-49b8-a635-d006bd10ed27,19HL,supplement,0,1,1601454237343,0,0
plugin_ios_activity_recognition,"[""stationary""]",0,2,0,4ae192f8-8fd0-49b8-a635-d006bd10ed27,19HL,supplement,0,1,1601454417343,0,0
plugin_ios_activity_recognition,"[""stationary""]",0,2,0,4ae192f8-8fd0-49b8-a635-d006bd10ed27,19HL,supplement,0,1,1601454597343,0,0
plugin_ios_activity_recognition,"[""stationary""]",0,2,0,4ae192f8-8fd0-49b8-a635-d006bd10ed27,19HL,supplement,0,1,1601454777343,0,0
plugin_ios_activity_recognition,"[""stationary""]",0,2,0,4ae192f8-8fd0-49b8-a635-d006bd10ed27,19HL,supplement,0,1,1601454957343,0,0
plugin_ios_activity_recognition,"[""stationary""]",0,2,0,4ae192f8-8fd0-49b8-a635-d006bd10ed27,19HL,supplement,0,1,1601455137343,0,0
plugin_ios_activity_recognition,"[""stationary""]",0,2,0,4ae192f8-8fd0-49b8-a635-d006bd10ed27,19HL,supplement,0,1,1601455317343,0,0
plugin_ios_activity_recognition,"[""stationary""]",0,2,0,4ae192f8-8fd0-49b8-a635-d006bd10ed27,19HL,supplement,0,1,1601455497343,0,0
plugin_ios_activity_recognition,"[""stationary""]",0,2,0,4ae192f8-8fd0-49b8-a635-d006bd10ed27,19HL,supplement,0,1,1601455677343,0,0
plugin_ios_activity_recognition,"[""stationary""]",0,2,0,4ae192f8-8fd0-49b8-a635-d006bd10ed27,19HL,supplement,0,1,1601455857343,0,0
plugin_ios_activity_recognition,"[""stationary""]",0,2,0,4ae192f8-8fd0-49b8-a635-d006bd10ed27,19HL,supplement,0,1,1601456037343,0,0
plugin_ios_activity_recognition,"[""stationary""]",0,2,0,4ae192f8-8fd0-49b8-a635-d006bd10ed27,19HL,supplement,0,1,1601456217343,0,0
plugin_ios_activity_recognition,"[""stationary""]",0,2,0,4ae192f8-8fd0-49b8-a635-d006bd10ed27,19HL,supplement,0,1,1601456397343,0,0
plugin_ios_activity_recognition,"[""stationary""]",0,2,0,4ae192f8-8fd0-49b8-a635-d006bd10ed27,19HL,supplement,0,1,1601456577343,0,0
plugin_ios_activity_recognition,"[""stationary""]",0,2,0,4ae192f8-8fd0-49b8-a635-d006bd10ed27,19HL,supplement,0,1,1601456757343,0,0
plugin_ios_activity_recognition,"[""stationary""]",0,2,0,4ae192f8-8fd0-49b8-a635-d006bd10ed27,19HL,supplement,0,1,1601456937343,0,0
plugin_ios_activity_recognition,"[""stationary""]",0,2,0,4ae192f8-8fd0-49b8-a635-d006bd10ed27,19HL,supplement,0,1,1601457117343,0,0
plugin_ios_activity_recognition,"[""stationary""]",0,2,0,4ae192f8-8fd0-49b8-a635-d006bd10ed27,19HL,supplement,0,1,1601457297343,0,0
plugin_ios_activity_recognition,"[""stationary""]",0,2,0,4ae192f8-8fd0-49b8-a635-d006bd10ed27,19HL,supplement,0,1,1601457477343,0,0
plugin_ios_activity_recognition,"[""stationary""]",0,2,0,4ae192f8-8fd0-49b8-a635-d006bd10ed27,19HL,supplement,0,1,1601457657343,0,0
plugin_ios_activity_recognition,"[""stationary""]",0,2,0,4ae192f8-8fd0-49b8-a635-d006bd10ed27,19HL,supplement,0,1,1601457837343,0,0
plugin_ios_activity_recognition,"[""stationary""]",0,2,0,4ae192f8-8fd0-49b8-a635-d006bd10ed27,19HL,supplement,0,1,1601458017343,0,0
plugin_ios_activity_recognition,"[""stationary""]",0,2,0,4ae192f8-8fd0-49b8-a635-d006bd10ed27,19HL,supplement,0,1,1601458197343,0,0
plugin_ios_activity_recognition,"[""stationary""]",0,2,0,4ae192f8-8fd0-49b8-a635-d006bd10ed27,19HL,supplement,0,1,1601458377343,0,0
plugin_ios_activity_recognition,"[""stationary""]",0,2,0,4ae192f8-8fd0-49b8-a635-d006bd10ed27,19HL,supplement,0,1,1601458557343,0,0
plugin_ios_activity_recognition,"[""stationary""]",0,2,0,4ae192f8-8fd0-49b8-a635-d006bd10ed27,19HL,supplement,0,1,1601458737343,0,0
plugin_ios_activity_recognition,"[""stationary""]",0,2,0,4ae192f8-8fd0-49b8-a635-d006bd10ed27,19HL,supplement,0,1,1601458917343,0,0
plugin_ios_activity_recognition,"[""stationary""]",0,2,0,4ae192f8-8fd0-49b8-a635-d006bd10ed27,19HL,supplement,0,1,1601459097343,0,0
plugin_ios_activity_recognition,"[""stationary""]",0,2,0,4ae192f8-8fd0-49b8-a635-d006bd10ed27,19HL,supplement,0,1,1601459277343,0,0
plugin_ios_activity_recognition,"[""stationary""]",0,2,0,4ae192f8-8fd0-49b8-a635-d006bd10ed27,19HL,supplement,0,1,1601459457343,0,0
plugin_ios_activity_recognition,"[""stationary""]",0,2,0,4ae192f8-8fd0-49b8-a635-d006bd10ed27,19HL,supplement,0,1,1601459637343,0,0
plugin_ios_activity_recognition,"[""stationary""]",0,2,0,4ae192f8-8fd0-49b8-a635-d006bd10ed27,19HL,supplement,0,1,1601459817343,0,0
plugin_ios_activity_recognition,"[""stationary""]",0,2,0,4ae192f8-8fd0-49b8-a635-d006bd10ed27,19HL,supplement,0,1,1601459997343,0,0
plugin_ios_activity_recognition,"[""stationary""]",0,2,0,4ae192f8-8fd0-49b8-a635-d006bd10ed27,19HL,supplement,0,1,1601460177343,0,0
plugin_ios_activity_recognition,"[""stationary""]",0,2,0,4ae192f8-8fd0-49b8-a635-d006bd10ed27,19HL,supplement,0,1,1601460357343,0,0
plugin_ios_activity_recognition,"[""stationary""]",0,2,0,4ae192f8-8fd0-49b8-a635-d006bd10ed27,19HL,supplement,0,1,1601460537343,0,0
plugin_ios_activity_recognition,"[""stationary""]",0,2,0,4ae192f8-8fd0-49b8-a635-d006bd10ed27,19HL,supplement,0,1,1601460717343,0,0
plugin_ios_activity_recognition,"[""stationary""]",0,2,0,4ae192f8-8fd0-49b8-a635-d006bd10ed27,19HL,supplement,0,1,1601460897343,0,0
plugin_ios_activity_recognition,"[""stationary""]",0,2,0,4ae192f8-8fd0-49b8-a635-d006bd10ed27,19HL,supplement,0,1,1601461077343,0,0
plugin_ios_activity_recognition,"[""stationary""]",0,2,0,4ae192f8-8fd0-49b8-a635-d006bd10ed27,19HL,supplement,0,1,1601461257343,0,0
plugin_ios_activity_recognition,"[""stationary""]",0,2,0,4ae192f8-8fd0-49b8-a635-d006bd10ed27,19HL,supplement,0,1,1601461437343,0,0
plugin_ios_activity_recognition,"[""stationary""]",0,2,0,4ae192f8-8fd0-49b8-a635-d006bd10ed27,19HL,supplement,0,1,1601461617343,0,0
plugin_ios_activity_recognition,"[""stationary""]",0,2,0,4ae192f8-8fd0-49b8-a635-d006bd10ed27,19HL,supplement,0,1,1601461797343,0,0
plugin_ios_activity_recognition,"[""stationary""]",0,2,0,4ae192f8-8fd0-49b8-a635-d006bd10ed27,19HL,supplement,0,1,1601461977343,0,0
plugin_ios_activity_recognition,"[""stationary""]",0,2,0,4ae192f8-8fd0-49b8-a635-d006bd10ed27,19HL,supplement,0,1,1601462157343,0,0
plugin_ios_activity_recognition,"[""stationary""]",0,2,0,4ae192f8-8fd0-49b8-a635-d006bd10ed27,19HL,supplement,0,1,1601462337343,0,0
plugin_ios_activity_recognition,"[""stationary""]",0,2,0,4ae192f8-8fd0-49b8-a635-d006bd10ed27,19HL,supplement,0,1,1601462517343,0,0
plugin_ios_activity_recognition,"[""stationary""]",0,2,0,4ae192f8-8fd0-49b8-a635-d006bd10ed27,19HL,supplement,0,1,1601462697343,0,0
plugin_ios_activity_recognition,"[""stationary""]",0,2,0,4ae192f8-8fd0-49b8-a635-d006bd10ed27,19HL,supplement,0,1,1601462877343,0,0
plugin_ios_activity_recognition,"[""stationary""]",0,2,0,4ae192f8-8fd0-49b8-a635-d006bd10ed27,19HL,supplement,0,1,1601463057343,0,0
plugin_ios_activity_recognition,"[""stationary""]",0,2,0,4ae192f8-8fd0-49b8-a635-d006bd10ed27,19HL,supplement,0,1,1601463237343,0,0
plugin_ios_activity_recognition,"[""stationary""]",0,2,0,4ae192f8-8fd0-49b8-a635-d006bd10ed27,19HL,supplement,0,1,1601463417343,0,0
plugin_ios_activity_recognition,"[""stationary""]",0,2,0,4ae192f8-8fd0-49b8-a635-d006bd10ed27,19HL,supplement,0,1,1601463597343,0,0
plugin_ios_activity_recognition,"[""stationary""]",0,2,0,4ae192f8-8fd0-49b8-a635-d006bd10ed27,19HL,supplement,0,1,1601463777343,0,0
plugin_ios_activity_recognition,"[""stationary""]",0,2,0,4ae192f8-8fd0-49b8-a635-d006bd10ed27,19HL,supplement,0,1,1601463957343,0,0
plugin_ios_activity_recognition,"[""stationary""]",0,2,0,4ae192f8-8fd0-49b8-a635-d006bd10ed27,19HL,supplement,0,1,1601464137343,0,0
plugin_ios_activity_recognition,"[""stationary""]",0,2,0,4ae192f8-8fd0-49b8-a635-d006bd10ed27,19HL,supplement,0,1,1601464317343,0,0
plugin_ios_activity_recognition,"[""stationary""]",0,2,0,4ae192f8-8fd0-49b8-a635-d006bd10ed27,19HL,supplement,0,1,1601464497343,0,0
plugin_ios_activity_recognition,"[""stationary""]",0,2,0,4ae192f8-8fd0-49b8-a635-d006bd10ed27,19HL,supplement,0,1,1601464677343,0,0
plugin_ios_activity_recognition,"[""stationary""]",0,2,0,4ae192f8-8fd0-49b8-a635-d006bd10ed27,19HL,supplement,0,1,1601464857343,0,0
plugin_ios_activity_recognition,"[""stationary""]",0,2,0,4ae192f8-8fd0-49b8-a635-d006bd10ed27,19HL,supplement,0,1,1601465037343,0,0
plugin_ios_activity_recognition,"[""stationary""]",0,2,0,4ae192f8-8fd0-49b8-a635-d006bd10ed27,19HL,supplement,0,1,1601465217343,0,0
plugin_ios_activity_recognition,"[""stationary""]",0,2,0,4ae192f8-8fd0-49b8-a635-d006bd10ed27,19HL,supplement,0,1,1601465397343,0,0
plugin_ios_activity_recognition,"[""stationary""]",0,2,0,4ae192f8-8fd0-49b8-a635-d006bd10ed27,19HL,supplement,0,1,1601465577343,0,0
plugin_ios_activity_recognition,"[""stationary""]",0,2,0,4ae192f8-8fd0-49b8-a635-d006bd10ed27,19HL,supplement,0,1,1601465757343,0,0
plugin_ios_activity_recognition,"[""stationary""]",0,2,0,4ae192f8-8fd0-49b8-a635-d006bd10ed27,19HL,supplement,0,1,1601465937343,0,0
plugin_ios_activity_recognition,"[""stationary""]",0,2,0,4ae192f8-8fd0-49b8-a635-d006bd10ed27,19HL,supplement,0,1,1601466117343,0,0
plugin_ios_activity_recognition,"[""stationary""]",0,2,0,4ae192f8-8fd0-49b8-a635-d006bd10ed27,19HL,supplement,0,1,1601466297343,0,0
plugin_ios_activity_recognition,"[""stationary""]",0,2,0,4ae192f8-8fd0-49b8-a635-d006bd10ed27,19HL,supplement,0,1,1601466477343,0,0
plugin_ios_activity_recognition,"[""stationary""]",0,2,0,4ae192f8-8fd0-49b8-a635-d006bd10ed27,19HL,supplement,0,1,1601466657343,0,0
plugin_ios_activity_recognition,"[""stationary""]",0,2,0,4ae192f8-8fd0-49b8-a635-d006bd10ed27,19HL,supplement,0,1,1601466837343,0,0
plugin_ios_activity_recognition,"[""stationary""]",0,2,0,4ae192f8-8fd0-49b8-a635-d006bd10ed27,19HL,supplement,0,1,1601467017343,0,0
plugin_ios_activity_recognition,"[""stationary""]",0,2,0,4ae192f8-8fd0-49b8-a635-d006bd10ed27,19HL,supplement,0,1,1601467197343,0,0
plugin_ios_activity_recognition,"[""stationary""]",0,2,0,4ae192f8-8fd0-49b8-a635-d006bd10ed27,19HL,supplement,0,1,1601467377343,0,0
plugin_ios_activity_recognition,"[""stationary""]",0,2,0,4ae192f8-8fd0-49b8-a635-d006bd10ed27,19HL,supplement,0,1,1601467557343,0,0
plugin_ios_activity_recognition,"[""stationary""]",0,2,0,4ae192f8-8fd0-49b8-a635-d006bd10ed27,19HL,supplement,0,1,1601467737343,0,0
plugin_ios_activity_recognition,"[""stationary""]",0,2,0,4ae192f8-8fd0-49b8-a635-d006bd10ed27,19HL,supplement,0,1,1601467917343,0,0
plugin_ios_activity_recognition,"[""stationary""]",0,2,0,4ae192f8-8fd0-49b8-a635-d006bd10ed27,19HL,supplement,0,1,1601468097343,0,0
plugin_ios_activity_recognition,"[""stationary""]",0,2,0,4ae192f8-8fd0-49b8-a635-d006bd10ed27,19HL,supplement,0,1,1601468277343,0,0
plugin_ios_activity_recognition,"[""stationary""]",0,2,0,4ae192f8-8fd0-49b8-a635-d006bd10ed27,19HL,supplement,0,1,1601468457343,0,0
plugin_ios_activity_recognition,"[""stationary""]",0,2,0,4ae192f8-8fd0-49b8-a635-d006bd10ed27,19HL,supplement,0,1,1601468637343,0,0
plugin_ios_activity_recognition,"[""stationary""]",0,2,0,4ae192f8-8fd0-49b8-a635-d006bd10ed27,19HL,supplement,0,1,1601468817343,0,0
plugin_ios_activity_recognition,"[""stationary""]",0,2,0,4ae192f8-8fd0-49b8-a635-d006bd10ed27,19HL,supplement,0,1,1601468997343,0,0
plugin_ios_activity_recognition,"[""stationary""]",0,2,0,4ae192f8-8fd0-49b8-a635-d006bd10ed27,19HL,supplement,0,1,1601469177343,0,0
plugin_ios_activity_recognition,"[""stationary""]",0,2,0,4ae192f8-8fd0-49b8-a635-d006bd10ed27,19HL,supplement,0,1,1601469357343,0,0
plugin_ios_activity_recognition,"[""stationary""]",0,2,0,4ae192f8-8fd0-49b8-a635-d006bd10ed27,19HL,supplement,0,1,1601469537343,0,0
plugin_ios_activity_recognition,"[""stationary""]",0,2,0,4ae192f8-8fd0-49b8-a635-d006bd10ed27,19HL,supplement,0,1,1601469717343,0,0
plugin_ios_activity_recognition,"[""stationary""]",0,2,0,4ae192f8-8fd0-49b8-a635-d006bd10ed27,19HL,supplement,0,1,1601469897343,0,0
plugin_ios_activity_recognition,"[""stationary""]",0,2,0,4ae192f8-8fd0-49b8-a635-d006bd10ed27,19HL,supplement,0,1,1601470077343,0,0
plugin_ios_activity_recognition,"[""stationary""]",0,2,0,4ae192f8-8fd0-49b8-a635-d006bd10ed27,19HL,supplement,0,1,1601470257343,0,0
plugin_ios_activity_recognition,"[""stationary""]",0,2,0,4ae192f8-8fd0-49b8-a635-d006bd10ed27,19HL,supplement,0,1,1601470437343,0,0
plugin_ios_activity_recognition,"[""stationary""]",0,2,0,4ae192f8-8fd0-49b8-a635-d006bd10ed27,19HL,supplement,0,1,1601470617343,0,0
plugin_ios_activity_recognition,"[""stationary""]",0,2,0,4ae192f8-8fd0-49b8-a635-d006bd10ed27,19HL,supplement,0,1,1601470797343,0,0
plugin_ios_activity_recognition,"[""stationary""]",0,2,0,4ae192f8-8fd0-49b8-a635-d006bd10ed27,19HL,supplement,0,1,1601470977343,0,0
plugin_ios_activity_recognition,"[""stationary""]",0,2,0,4ae192f8-8fd0-49b8-a635-d006bd10ed27,19HL,supplement,0,1,1601471157343,0,0
plugin_ios_activity_recognition,"[""stationary""]",0,2,0,4ae192f8-8fd0-49b8-a635-d006bd10ed27,19HL,supplement,0,1,1601471337343,0,0
plugin_ios_activity_recognition,"[""stationary""]",0,2,0,4ae192f8-8fd0-49b8-a635-d006bd10ed27,19HL,supplement,0,1,1601471517343,0,0
plugin_ios_activity_recognition,"[""stationary""]",0,2,0,4ae192f8-8fd0-49b8-a635-d006bd10ed27,19HL,supplement,0,1,1601471697343,0,0
plugin_ios_activity_recognition,"[""stationary""]",0,2,0,4ae192f8-8fd0-49b8-a635-d006bd10ed27,19HL,supplement,0,1,1601471877343,0,0
plugin_ios_activity_recognition,"[""stationary""]",0,2,0,4ae192f8-8fd0-49b8-a635-d006bd10ed27,19HL,supplement,0,1,1601472057343,0,0
plugin_ios_activity_recognition,"[""stationary""]",0,2,0,4ae192f8-8fd0-49b8-a635-d006bd10ed27,19HL,supplement,0,1,1601472237343,0,0
plugin_ios_activity_recognition,"[""stationary""]",0,2,0,4ae192f8-8fd0-49b8-a635-d006bd10ed27,19HL,supplement,0,1,1601472417343,0,0
plugin_ios_activity_recognition,"[""stationary""]",0,2,0,4ae192f8-8fd0-49b8-a635-d006bd10ed27,19HL,supplement,0,1,1601472597343,0,0
plugin_ios_activity_recognition,"[""stationary""]",0,2,0,4ae192f8-8fd0-49b8-a635-d006bd10ed27,19HL,supplement,0,1,1601472777343,0,0
plugin_ios_activity_recognition,"[""stationary""]",0,2,0,4ae192f8-8fd0-49b8-a635-d006bd10ed27,19HL,supplement,0,1,1601472957343,0,0
plugin_ios_activity_recognition,"[""stationary""]",0,2,0,4ae192f8-8fd0-49b8-a635-d006bd10ed27,19HL,supplement,0,1,1601473137343,0,0
plugin_ios_activity_recognition,"[""stationary""]",0,2,0,4ae192f8-8fd0-49b8-a635-d006bd10ed27,19HL,supplement,0,1,1601473317343,0,0
plugin_ios_activity_recognition,"[""stationary""]",0,2,0,4ae192f8-8fd0-49b8-a635-d006bd10ed27,19HL,supplement,0,1,1601473497343,0,0
plugin_ios_activity_recognition,"[""stationary""]",0,2,0,4ae192f8-8fd0-49b8-a635-d006bd10ed27,19HL,supplement,0,1,1601473677343,0,0
plugin_ios_activity_recognition,"[""stationary""]",0,2,0,4ae192f8-8fd0-49b8-a635-d006bd10ed27,19HL,supplement,0,1,1601473857343,0,0
plugin_ios_activity_recognition,"[""stationary""]",0,2,0,4ae192f8-8fd0-49b8-a635-d006bd10ed27,19HL,supplement,0,1,1601474037343,0,0
plugin_ios_activity_recognition,"[""stationary""]",0,2,0,4ae192f8-8fd0-49b8-a635-d006bd10ed27,19HL,supplement,0,1,1601474217343,0,0
plugin_ios_activity_recognition,"[""stationary""]",0,2,0,4ae192f8-8fd0-49b8-a635-d006bd10ed27,19HL,supplement,0,1,1601474397343,0,0
plugin_ios_activity_recognition,"[""stationary""]",0,2,0,4ae192f8-8fd0-49b8-a635-d006bd10ed27,19HL,supplement,0,1,1601474577343,0,0
plugin_ios_activity_recognition,"[""stationary""]",0,2,0,4ae192f8-8fd0-49b8-a635-d006bd10ed27,19HL,supplement,0,1,1601474757343,0,0
plugin_ios_activity_recognition,"[""stationary""]",0,2,0,4ae192f8-8fd0-49b8-a635-d006bd10ed27,19HL,supplement,0,1,1601474937343,0,0
plugin_ios_activity_recognition,"[""stationary""]",0,2,0,4ae192f8-8fd0-49b8-a635-d006bd10ed27,19HL,supplement,0,1,1601475117343,0,0
plugin_ios_activity_recognition,"[""stationary""]",0,2,0,4ae192f8-8fd0-49b8-a635-d006bd10ed27,19HL,supplement,0,1,1601475297343,0,0
plugin_ios_activity_recognition,"[""stationary""]",0,2,0,4ae192f8-8fd0-49b8-a635-d006bd10ed27,19HL,supplement,0,1,1601475477343,0,0
plugin_ios_activity_recognition,"[""stationary""]",0,2,0,4ae192f8-8fd0-49b8-a635-d006bd10ed27,19HL,supplement,0,1,1601475657343,0,0
plugin_ios_activity_recognition,"[""stationary""]",0,2,0,4ae192f8-8fd0-49b8-a635-d006bd10ed27,19HL,supplement,0,1,1601475837343,0,0
plugin_ios_activity_recognition,"[""stationary""]",0,2,0,4ae192f8-8fd0-49b8-a635-d006bd10ed27,19HL,supplement,0,1,1601476017343,0,0
plugin_ios_activity_recognition,"[""stationary""]",0,2,0,4ae192f8-8fd0-49b8-a635-d006bd10ed27,19HL,supplement,0,1,1601476197343,0,0
plugin_ios_activity_recognition,"[""stationary""]",0,2,0,4ae192f8-8fd0-49b8-a635-d006bd10ed27,19HL,supplement,0,1,1601476377343,0,0
plugin_ios_activity_recognition,"[""stationary""]",0,2,0,4ae192f8-8fd0-49b8-a635-d006bd10ed27,19HL,supplement,0,1,1601476557343,0,0
plugin_ios_activity_recognition,"[""stationary""]",0,2,0,4ae192f8-8fd0-49b8-a635-d006bd10ed27,19HL,supplement,0,1,1601476737343,0,0
plugin_ios_activity_recognition,"[""stationary""]",0,2,0,4ae192f8-8fd0-49b8-a635-d006bd10ed27,19HL,supplement,0,1,1601476917343,0,0
plugin_ios_activity_recognition,"[""stationary""]",0,2,0,4ae192f8-8fd0-49b8-a635-d006bd10ed27,19HL,supplement,0,1,1601477097343,0,0
plugin_ios_activity_recognition,"[""stationary""]",0,2,0,4ae192f8-8fd0-49b8-a635-d006bd10ed27,19HL,supplement,0,1,1601477277343,0,0
plugin_ios_activity_recognition,"[""stationary""]",0,2,0,4ae192f8-8fd0-49b8-a635-d006bd10ed27,19HL,supplement,0,1,1601477457343,0,0
plugin_ios_activity_recognition,"[""stationary""]",0,2,0,4ae192f8-8fd0-49b8-a635-d006bd10ed27,19HL,supplement,0,1,1601477637343,0,0
plugin_ios_activity_recognition,"[""stationary""]",0,2,0,4ae192f8-8fd0-49b8-a635-d006bd10ed27,19HL,supplement,0,1,1601477817343,0,0
plugin_ios_activity_recognition,"[""stationary""]",0,2,0,4ae192f8-8fd0-49b8-a635-d006bd10ed27,19HL,supplement,0,1,1601477997343,0,0
plugin_ios_activity_recognition,"[""stationary""]",0,2,0,4ae192f8-8fd0-49b8-a635-d006bd10ed27,19HL,supplement,0,1,1601478177343,0,0
plugin_ios_activity_recognition,"[""stationary""]",0,2,0,4ae192f8-8fd0-49b8-a635-d006bd10ed27,19HL,supplement,0,1,1601478357343,0,0
plugin_ios_activity_recognition,"[""stationary""]",0,2,0,4ae192f8-8fd0-49b8-a635-d006bd10ed27,19HL,supplement,0,1,1601478537343,0,0
plugin_ios_activity_recognition,"[""stationary""]",0,2,0,4ae192f8-8fd0-49b8-a635-d006bd10ed27,19HL,supplement,0,1,1601478717343,0,0
plugin_ios_activity_recognition,"[""stationary""]",0,2,0,4ae192f8-8fd0-49b8-a635-d006bd10ed27,19HL,supplement,0,1,1601478897343,0,0
plugin_ios_activity_recognition,"[""stationary""]",0,2,0,4ae192f8-8fd0-49b8-a635-d006bd10ed27,19HL,supplement,0,1,1601479077343,0,0
plugin_ios_activity_recognition,"[""stationary""]",0,2,0,4ae192f8-8fd0-49b8-a635-d006bd10ed27,19HL,supplement,0,1,1601479257343,0,0
plugin_ios_activity_recognition,"[""stationary""]",0,2,0,4ae192f8-8fd0-49b8-a635-d006bd10ed27,19HL,supplement,0,1,1601479437343,0,0
plugin_ios_activity_recognition,"[""stationary""]",0,2,0,4ae192f8-8fd0-49b8-a635-d006bd10ed27,19HL,supplement,0,1,1601479617343,0,0
plugin_ios_activity_recognition,"[""stationary""]",0,2,0,4ae192f8-8fd0-49b8-a635-d006bd10ed27,19HL,supplement,0,1,1601479797343,0,0
plugin_ios_activity_recognition,"[""stationary""]",0,2,0,4ae192f8-8fd0-49b8-a635-d006bd10ed27,19HL,supplement,0,1,1601479977343,0,0
plugin_ios_activity_recognition,"[""stationary""]",0,2,0,4ae192f8-8fd0-49b8-a635-d006bd10ed27,19HL,supplement,0,1,1601480157343,0,0
plugin_ios_activity_recognition,"[""stationary""]",0,2,0,4ae192f8-8fd0-49b8-a635-d006bd10ed27,19HL,supplement,0,1,1601480337343,0,0
plugin_ios_activity_recognition,"[""stationary""]",0,2,0,4ae192f8-8fd0-49b8-a635-d006bd10ed27,19HL,supplement,0,1,1601480517343,0,0
plugin_ios_activity_recognition,"[""stationary""]",0,2,0,4ae192f8-8fd0-49b8-a635-d006bd10ed27,19HL,supplement,0,1,1601480697343,0,0
plugin_ios_activity_recognition,"[""stationary""]",0,2,0,4ae192f8-8fd0-49b8-a635-d006bd10ed27,19HL,supplement,0,1,1601480877343,0,0
plugin_ios_activity_recognition,"[""stationary""]",0,2,0,4ae192f8-8fd0-49b8-a635-d006bd10ed27,19HL,supplement,0,1,1601481057343,0,0
plugin_ios_activity_recognition,"[""stationary""]",0,2,0,4ae192f8-8fd0-49b8-a635-d006bd10ed27,19HL,supplement,0,1,1601481237343,0,0
plugin_ios_activity_recognition,"[""stationary""]",0,2,0,4ae192f8-8fd0-49b8-a635-d006bd10ed27,19HL,supplement,0,1,1601481417343,0,0
plugin_ios_activity_recognition,"[""stationary""]",0,2,0,4ae192f8-8fd0-49b8-a635-d006bd10ed27,19HL,supplement,0,1,1601481597343,0,0
plugin_ios_activity_recognition,"[""stationary""]",0,2,0,4ae192f8-8fd0-49b8-a635-d006bd10ed27,19HL,supplement,0,1,1601481777343,0,0
plugin_ios_activity_recognition,"[""stationary""]",0,2,0,4ae192f8-8fd0-49b8-a635-d006bd10ed27,19HL,supplement,0,1,1601481957343,0,0
plugin_ios_activity_recognition,"[""stationary""]",0,2,0,4ae192f8-8fd0-49b8-a635-d006bd10ed27,19HL,supplement,0,1,1601482137343,0,0
plugin_ios_activity_recognition,"[""stationary""]",0,2,0,4ae192f8-8fd0-49b8-a635-d006bd10ed27,19HL,supplement,0,1,1601482317343,0,0
plugin_ios_activity_recognition,"[""stationary""]",0,2,0,4ae192f8-8fd0-49b8-a635-d006bd10ed27,19HL,supplement,0,1,1601482497343,0,0
plugin_ios_activity_recognition,"[""stationary""]",0,2,0,4ae192f8-8fd0-49b8-a635-d006bd10ed27,19HL,supplement,0,1,1601482677343,0,0
plugin_ios_activity_recognition,"[""stationary""]",0,2,0,4ae192f8-8fd0-49b8-a635-d006bd10ed27,19HL,supplement,0,1,1601482857343,0,0
plugin_ios_activity_recognition,"[""stationary""]",0,2,0,4ae192f8-8fd0-49b8-a635-d006bd10ed27,19HL,supplement,0,1,1601483037343,0,0
plugin_ios_activity_recognition,"[""stationary""]",0,2,0,4ae192f8-8fd0-49b8-a635-d006bd10ed27,19HL,supplement,0,1,1601483217343,0,0
plugin_ios_activity_recognition,"[""stationary""]",0,2,0,4ae192f8-8fd0-49b8-a635-d006bd10ed27,19HL,supplement,0,1,1601483397343,0,0
plugin_ios_activity_recognition,"[""stationary""]",0,2,0,4ae192f8-8fd0-49b8-a635-d006bd10ed27,19HL,supplement,0,1,1601483577343,0,0
plugin_ios_activity_recognition,"[""stationary""]",0,2,0,4ae192f8-8fd0-49b8-a635-d006bd10ed27,19HL,supplement,0,1,1601483757343,0,0
plugin_ios_activity_recognition,"[""stationary""]",0,2,0,4ae192f8-8fd0-49b8-a635-d006bd10ed27,19HL,supplement,0,1,1601483937343,0,0
plugin_ios_activity_recognition,"[""stationary""]",0,2,0,4ae192f8-8fd0-49b8-a635-d006bd10ed27,19HL,supplement,0,1,1601484117343,0,0
plugin_ios_activity_recognition,"[""stationary""]",0,2,0,4ae192f8-8fd0-49b8-a635-d006bd10ed27,19HL,supplement,0,1,1601484297343,0,0
plugin_ios_activity_recognition,"[""stationary""]",0,2,0,4ae192f8-8fd0-49b8-a635-d006bd10ed27,19HL,supplement,0,1,1601484477343,0,0
plugin_ios_activity_recognition,"[""stationary""]",0,2,0,4ae192f8-8fd0-49b8-a635-d006bd10ed27,19HL,supplement,0,1,1601484657343,0,0
plugin_ios_activity_recognition,"[""stationary""]",0,2,0,4ae192f8-8fd0-49b8-a635-d006bd10ed27,19HL,supplement,0,1,1601484837343,0,0
plugin_ios_activity_recognition,"[""stationary""]",0,2,0,4ae192f8-8fd0-49b8-a635-d006bd10ed27,19HL,supplement,0,1,1601485017343,0,0
plugin_ios_activity_recognition,"[""stationary""]",0,2,0,4ae192f8-8fd0-49b8-a635-d006bd10ed27,19HL,supplement,0,1,1601485197343,0,0
plugin_ios_activity_recognition,"[""stationary""]",0,2,0,4ae192f8-8fd0-49b8-a635-d006bd10ed27,19HL,supplement,0,1,1601485377343,0,0
plugin_ios_activity_recognition,"[""stationary""]",0,2,0,4ae192f8-8fd0-49b8-a635-d006bd10ed27,19HL,supplement,0,1,1601485557343,0,0
plugin_ios_activity_recognition,"[""stationary""]",0,2,0,4ae192f8-8fd0-49b8-a635-d006bd10ed27,19HL,supplement,0,1,1601485737343,0,0
plugin_ios_activity_recognition,"[""stationary""]",0,2,0,4ae192f8-8fd0-49b8-a635-d006bd10ed27,19HL,supplement,0,1,1601485917343,0,0
plugin_ios_activity_recognition,"[""stationary""]",0,2,0,4ae192f8-8fd0-49b8-a635-d006bd10ed27,19HL,supplement,0,1,1601486097343,0,0
plugin_ios_activity_recognition,"[""stationary""]",0,2,0,4ae192f8-8fd0-49b8-a635-d006bd10ed27,19HL,supplement,0,1,1601486277343,0,0
plugin_ios_activity_recognition,"[""stationary""]",0,2,0,4ae192f8-8fd0-49b8-a635-d006bd10ed27,19HL,supplement,0,1,1601486457343,0,0
plugin_ios_activity_recognition,"[""stationary""]",0,2,0,4ae192f8-8fd0-49b8-a635-d006bd10ed27,19HL,supplement,0,1,1601486637343,0,0
plugin_ios_activity_recognition,"[""stationary""]",0,2,0,4ae192f8-8fd0-49b8-a635-d006bd10ed27,19HL,supplement,0,1,1601486817343,0,0
plugin_ios_activity_recognition,"[""stationary""]",0,2,0,4ae192f8-8fd0-49b8-a635-d006bd10ed27,19HL,supplement,0,1,1601486997343,0,0
plugin_ios_activity_recognition,"[""stationary""]",0,2,0,4ae192f8-8fd0-49b8-a635-d006bd10ed27,19HL,supplement,0,1,1601487177343,0,0
plugin_ios_activity_recognition,"[""stationary""]",0,2,0,4ae192f8-8fd0-49b8-a635-d006bd10ed27,19HL,supplement,0,1,1601487357343,0,0
plugin_ios_activity_recognition,"[""stationary""]",0,2,0,4ae192f8-8fd0-49b8-a635-d006bd10ed27,19HL,supplement,0,1,1601487537343,0,0
plugin_ios_activity_recognition,"[""stationary""]",0,2,0,4ae192f8-8fd0-49b8-a635-d006bd10ed27,19HL,supplement,0,1,1601487717343,0,0
plugin_ios_activity_recognition,"[""stationary""]",0,2,0,4ae192f8-8fd0-49b8-a635-d006bd10ed27,19HL,supplement,0,1,1601487897343,0,0
plugin_ios_activity_recognition,"[""stationary""]",0,2,0,4ae192f8-8fd0-49b8-a635-d006bd10ed27,19HL,supplement,0,1,1601488077343,0,0
plugin_ios_activity_recognition,"[""stationary""]",0,2,0,4ae192f8-8fd0-49b8-a635-d006bd10ed27,19HL,supplement,0,1,1601488257343,0,0
plugin_ios_activity_recognition,"[""stationary""]",0,2,0,4ae192f8-8fd0-49b8-a635-d006bd10ed27,19HL,supplement,0,1,1601488437343,0,0
plugin_ios_activity_recognition,"[""stationary""]",0,2,0,4ae192f8-8fd0-49b8-a635-d006bd10ed27,19HL,supplement,0,1,1601488617343,0,0
plugin_ios_activity_recognition,"[""stationary""]",0,2,0,4ae192f8-8fd0-49b8-a635-d006bd10ed27,19HL,supplement,0,1,1601488797343,0,0
plugin_ios_activity_recognition,"[""stationary""]",0,2,0,4ae192f8-8fd0-49b8-a635-d006bd10ed27,19HL,supplement,0,1,1601488977343,0,0
plugin_ios_activity_recognition,"[""stationary""]",0,2,0,4ae192f8-8fd0-49b8-a635-d006bd10ed27,19HL,supplement,0,1,1601489157343,0,0
plugin_ios_activity_recognition,"[""stationary""]",0,2,0,4ae192f8-8fd0-49b8-a635-d006bd10ed27,19HL,supplement,0,1,1601489337343,0,0
plugin_ios_activity_recognition,"[""stationary""]",0,2,0,4ae192f8-8fd0-49b8-a635-d006bd10ed27,19HL,supplement,0,1,1601489517343,0,0
plugin_ios_activity_recognition,"[""stationary""]",0,2,0,4ae192f8-8fd0-49b8-a635-d006bd10ed27,19HL,supplement,0,1,1601489697343,0,0
plugin_ios_activity_recognition,"[""stationary""]",0,2,0,4ae192f8-8fd0-49b8-a635-d006bd10ed27,19HL,supplement,0,1,1601489877343,0,0
plugin_ios_activity_recognition,"[""stationary""]",0,2,0,4ae192f8-8fd0-49b8-a635-d006bd10ed27,19HL,supplement,0,1,1601490057343,0,0
plugin_ios_activity_recognition,"[""stationary""]",0,2,0,4ae192f8-8fd0-49b8-a635-d006bd10ed27,19HL,supplement,0,1,1601490237343,0,0
plugin_ios_activity_recognition,"[""stationary""]",0,2,0,4ae192f8-8fd0-49b8-a635-d006bd10ed27,19HL,supplement,0,1,1601490417343,0,0
plugin_ios_activity_recognition,"[""stationary""]",0,2,0,4ae192f8-8fd0-49b8-a635-d006bd10ed27,19HL,supplement,0,1,1601490597343,0,0
plugin_ios_activity_recognition,"[""stationary""]",0,2,0,4ae192f8-8fd0-49b8-a635-d006bd10ed27,19HL,supplement,0,1,1601490777343,0,0
plugin_ios_activity_recognition,"[""stationary""]",0,2,0,4ae192f8-8fd0-49b8-a635-d006bd10ed27,19HL,supplement,0,1,1601490957343,0,0
plugin_ios_activity_recognition,"[""stationary""]",0,2,0,4ae192f8-8fd0-49b8-a635-d006bd10ed27,19HL,supplement,0,1,1601491137343,0,0
plugin_ios_activity_recognition,"[""stationary""]",0,2,0,4ae192f8-8fd0-49b8-a635-d006bd10ed27,19HL,supplement,0,1,1601491317343,0,0
plugin_ios_activity_recognition,"[""stationary""]",0,2,0,4ae192f8-8fd0-49b8-a635-d006bd10ed27,19HL,supplement,0,1,1601491497343,0,0
plugin_ios_activity_recognition,"[""stationary""]",0,2,0,4ae192f8-8fd0-49b8-a635-d006bd10ed27,19HL,supplement,0,1,1601491677343,0,0
plugin_ios_activity_recognition,"[""stationary""]",0,2,0,4ae192f8-8fd0-49b8-a635-d006bd10ed27,19HL,supplement,0,1,1601491857343,0,0
plugin_ios_activity_recognition,"[""stationary""]",0,2,0,4ae192f8-8fd0-49b8-a635-d006bd10ed27,19HL,supplement,0,1,1601492037343,0,0
plugin_ios_activity_recognition,"[""stationary""]",0,2,0,4ae192f8-8fd0-49b8-a635-d006bd10ed27,19HL,supplement,0,1,1601492217343,0,0
plugin_ios_activity_recognition,"[""stationary""]",0,2,0,4ae192f8-8fd0-49b8-a635-d006bd10ed27,19HL,supplement,0,1,1601492397343,0,0
plugin_ios_activity_recognition,"[""stationary""]",0,2,0,4ae192f8-8fd0-49b8-a635-d006bd10ed27,19HL,supplement,0,1,1601492577343,0,0
plugin_ios_activity_recognition,"[""stationary""]",0,2,0,4ae192f8-8fd0-49b8-a635-d006bd10ed27,19HL,supplement,0,1,1601492757343,0,0
plugin_ios_activity_recognition,"[""stationary""]",0,2,0,4ae192f8-8fd0-49b8-a635-d006bd10ed27,19HL,supplement,0,1,1601492937343,0,0
plugin_ios_activity_recognition,"[""stationary""]",0,2,0,4ae192f8-8fd0-49b8-a635-d006bd10ed27,19HL,supplement,0,1,1601493117343,0,0
plugin_ios_activity_recognition,"[""stationary""]",0,2,0,4ae192f8-8fd0-49b8-a635-d006bd10ed27,19HL,supplement,0,1,1601493297343,0,0
plugin_ios_activity_recognition,"[""stationary""]",0,2,0,4ae192f8-8fd0-49b8-a635-d006bd10ed27,19HL,supplement,0,1,1601493477343,0,0
plugin_ios_activity_recognition,"[""stationary""]",0,2,0,4ae192f8-8fd0-49b8-a635-d006bd10ed27,19HL,supplement,0,1,1601493657343,0,0
plugin_ios_activity_recognition,"[""stationary""]",0,2,0,4ae192f8-8fd0-49b8-a635-d006bd10ed27,19HL,supplement,0,1,1601493837343,0,0
plugin_ios_activity_recognition,"[""stationary""]",0,2,0,4ae192f8-8fd0-49b8-a635-d006bd10ed27,19HL,supplement,0,1,1601494017343,0,0
plugin_ios_activity_recognition,"[""stationary""]",0,2,0,4ae192f8-8fd0-49b8-a635-d006bd10ed27,19HL,supplement,0,1,1601494197343,0,0
plugin_ios_activity_recognition,"[""stationary""]",0,2,0,4ae192f8-8fd0-49b8-a635-d006bd10ed27,19HL,supplement,0,1,1601494377343,0,0
plugin_ios_activity_recognition,"[""stationary""]",0,2,0,4ae192f8-8fd0-49b8-a635-d006bd10ed27,19HL,supplement,0,1,1601494557343,0,0
plugin_ios_activity_recognition,"[""stationary""]",0,2,0,4ae192f8-8fd0-49b8-a635-d006bd10ed27,19HL,supplement,0,1,1601494737343,0,0
plugin_ios_activity_recognition,"[""stationary""]",0,2,0,4ae192f8-8fd0-49b8-a635-d006bd10ed27,19HL,supplement,0,1,1601494917343,0,0
plugin_ios_activity_recognition,"[""stationary""]",0,2,0,4ae192f8-8fd0-49b8-a635-d006bd10ed27,19HL,supplement,0,1,1601495097343,0,0
plugin_ios_activity_recognition,"[""stationary""]",0,2,0,4ae192f8-8fd0-49b8-a635-d006bd10ed27,19HL,supplement,0,1,1601495277343,0,0
plugin_ios_activity_recognition,"[""stationary""]",0,2,0,4ae192f8-8fd0-49b8-a635-d006bd10ed27,19HL,supplement,0,1,1601495457343,0,0
plugin_ios_activity_recognition,"[""stationary""]",0,2,0,4ae192f8-8fd0-49b8-a635-d006bd10ed27,19HL,supplement,0,1,1601495637343,0,0
plugin_ios_activity_recognition,"[""stationary""]",0,2,0,4ae192f8-8fd0-49b8-a635-d006bd10ed27,19HL,supplement,0,1,1601495817343,0,0
plugin_ios_activity_recognition,"[""stationary""]",0,2,0,4ae192f8-8fd0-49b8-a635-d006bd10ed27,19HL,supplement,0,1,1601495997343,0,0
plugin_ios_activity_recognition,"[""stationary""]",0,2,0,4ae192f8-8fd0-49b8-a635-d006bd10ed27,19HL,supplement,0,1,1601496177343,0,0
plugin_ios_activity_recognition,"[""stationary""]",0,2,0,4ae192f8-8fd0-49b8-a635-d006bd10ed27,19HL,supplement,0,1,1601496357343,0,0
plugin_ios_activity_recognition,"[""stationary""]",0,2,0,4ae192f8-8fd0-49b8-a635-d006bd10ed27,19HL,supplement,0,1,1601496537343,0,0
plugin_ios_activity_recognition,"[""stationary""]",0,2,0,4ae192f8-8fd0-49b8-a635-d006bd10ed27,19HL,supplement,0,1,1601496717343,0,0
plugin_ios_activity_recognition,"[""stationary""]",0,2,0,4ae192f8-8fd0-49b8-a635-d006bd10ed27,19HL,supplement,0,1,1601496897343,0,0
plugin_ios_activity_recognition,"[""stationary""]",0,2,0,4ae192f8-8fd0-49b8-a635-d006bd10ed27,19HL,supplement,0,1,1601497077343,0,0
plugin_ios_activity_recognition,"[""stationary""]",0,2,0,4ae192f8-8fd0-49b8-a635-d006bd10ed27,19HL,supplement,0,1,1601497257343,0,0
plugin_ios_activity_recognition,"[""stationary""]",0,2,0,4ae192f8-8fd0-49b8-a635-d006bd10ed27,19HL,supplement,0,1,1601497437343,0,0
plugin_ios_activity_recognition,"[""stationary""]",0,2,0,4ae192f8-8fd0-49b8-a635-d006bd10ed27,19HL,supplement,0,1,1601497617343,0,0
plugin_ios_activity_recognition,"[""stationary""]",0,2,0,4ae192f8-8fd0-49b8-a635-d006bd10ed27,19HL,supplement,0,1,1601497797343,0,0
plugin_ios_activity_recognition,"[""stationary""]",0,2,0,4ae192f8-8fd0-49b8-a635-d006bd10ed27,19HL,supplement,0,1,1601497977343,0,0
plugin_ios_activity_recognition,"[""stationary""]",0,2,0,4ae192f8-8fd0-49b8-a635-d006bd10ed27,19HL,supplement,0,1,1601498157343,0,0
plugin_ios_activity_recognition,"[""stationary""]",0,2,0,4ae192f8-8fd0-49b8-a635-d006bd10ed27,19HL,supplement,0,1,1601498337343,0,0
plugin_ios_activity_recognition,"[""stationary""]",0,2,0,4ae192f8-8fd0-49b8-a635-d006bd10ed27,19HL,supplement,0,1,1601498517343,0,0
plugin_ios_activity_recognition,"[""stationary""]",0,2,0,4ae192f8-8fd0-49b8-a635-d006bd10ed27,19HL,supplement,0,1,1601498697343,0,0
plugin_ios_activity_recognition,"[""stationary""]",0,2,0,4ae192f8-8fd0-49b8-a635-d006bd10ed27,19HL,supplement,0,1,1601498877343,0,0
plugin_ios_activity_recognition,"[""stationary""]",0,2,0,4ae192f8-8fd0-49b8-a635-d006bd10ed27,19HL,supplement,0,1,1601499057343,0,0
plugin_ios_activity_recognition,"[""stationary""]",0,2,0,4ae192f8-8fd0-49b8-a635-d006bd10ed27,19HL,supplement,0,1,1601499237343,0,0
plugin_ios_activity_recognition,"[""stationary""]",0,2,0,4ae192f8-8fd0-49b8-a635-d006bd10ed27,19HL,supplement,0,1,1601499417343,0,0
plugin_ios_activity_recognition,"[""stationary""]",0,2,0,4ae192f8-8fd0-49b8-a635-d006bd10ed27,19HL,supplement,0,1,1601499597343,0,0
plugin_ios_activity_recognition,"[""stationary""]",0,2,0,4ae192f8-8fd0-49b8-a635-d006bd10ed27,19HL,supplement,0,1,1601499777343,0,0
plugin_ios_activity_recognition,"[""stationary""]",0,2,0,4ae192f8-8fd0-49b8-a635-d006bd10ed27,19HL,supplement,0,1,1601499957343,0,0
plugin_ios_activity_recognition,"[""stationary""]",0,2,0,4ae192f8-8fd0-49b8-a635-d006bd10ed27,19HL,supplement,0,1,1601500137343,0,0
plugin_ios_activity_recognition,"[""stationary""]",0,2,0,4ae192f8-8fd0-49b8-a635-d006bd10ed27,19HL,supplement,0,1,1601500317343,0,0
plugin_ios_activity_recognition,"[""stationary""]",0,2,0,4ae192f8-8fd0-49b8-a635-d006bd10ed27,19HL,supplement,0,1,1601500497343,0,0
plugin_ios_activity_recognition,"[""stationary""]",0,2,0,4ae192f8-8fd0-49b8-a635-d006bd10ed27,19HL,supplement,0,1,1601500677343,0,0
plugin_ios_activity_recognition,"[""stationary""]",0,2,0,4ae192f8-8fd0-49b8-a635-d006bd10ed27,19HL,supplement,0,1,1601500857343,0,0
plugin_ios_activity_recognition,"[""stationary""]",0,2,0,4ae192f8-8fd0-49b8-a635-d006bd10ed27,19HL,supplement,0,1,1601501037343,0,0
plugin_ios_activity_recognition,"[""stationary""]",0,2,0,4ae192f8-8fd0-49b8-a635-d006bd10ed27,19HL,supplement,0,1,1601501217343,0,0
plugin_ios_activity_recognition,"[""stationary""]",0,2,0,4ae192f8-8fd0-49b8-a635-d006bd10ed27,19HL,supplement,0,1,1601501397343,0,0
plugin_ios_activity_recognition,"[""stationary""]",0,2,0,4ae192f8-8fd0-49b8-a635-d006bd10ed27,19HL,supplement,0,1,1601501577343,0,0
plugin_ios_activity_recognition,"[""stationary""]",0,2,0,4ae192f8-8fd0-49b8-a635-d006bd10ed27,19HL,supplement,0,1,1601501757343,0,0
plugin_ios_activity_recognition,"[""stationary""]",0,2,0,4ae192f8-8fd0-49b8-a635-d006bd10ed27,19HL,supplement,0,1,1601501937343,0,0
plugin_ios_activity_recognition,"[""stationary""]",0,2,0,4ae192f8-8fd0-49b8-a635-d006bd10ed27,19HL,supplement,0,1,1601502117343,0,0
plugin_ios_activity_recognition,"[""stationary""]",0,2,0,4ae192f8-8fd0-49b8-a635-d006bd10ed27,19HL,supplement,0,1,1601502297343,0,0
plugin_ios_activity_recognition,"[""stationary""]",0,2,0,4ae192f8-8fd0-49b8-a635-d006bd10ed27,19HL,supplement,0,1,1601502477343,0,0
plugin_ios_activity_recognition,"[""stationary""]",0,2,0,4ae192f8-8fd0-49b8-a635-d006bd10ed27,19HL,supplement,0,1,1601502657343,0,0
plugin_ios_activity_recognition,"[""stationary""]",0,2,0,4ae192f8-8fd0-49b8-a635-d006bd10ed27,19HL,supplement,0,1,1601502837343,0,0
plugin_ios_activity_recognition,"[""stationary""]",0,2,0,4ae192f8-8fd0-49b8-a635-d006bd10ed27,19HL,supplement,0,1,1601503017343,0,0
plugin_ios_activity_recognition,"[""stationary""]",0,2,0,4ae192f8-8fd0-49b8-a635-d006bd10ed27,19HL,supplement,0,1,1601503197343,0,0
plugin_ios_activity_recognition,"[""stationary""]",0,2,0,4ae192f8-8fd0-49b8-a635-d006bd10ed27,19HL,supplement,0,1,1601503377343,0,0
plugin_ios_activity_recognition,"[""stationary""]",0,2,0,4ae192f8-8fd0-49b8-a635-d006bd10ed27,19HL,supplement,0,1,1601503557343,0,0
plugin_ios_activity_recognition,"[""stationary""]",0,2,0,4ae192f8-8fd0-49b8-a635-d006bd10ed27,19HL,supplement,0,1,1601503737343,0,0
plugin_ios_activity_recognition,"[""stationary""]",0,2,0,4ae192f8-8fd0-49b8-a635-d006bd10ed27,19HL,supplement,0,1,1601503917343,0,0
plugin_ios_activity_recognition,"[""stationary""]",0,2,0,4ae192f8-8fd0-49b8-a635-d006bd10ed27,19HL,supplement,0,1,1601504097343,0,0
plugin_ios_activity_recognition,"[""stationary""]",0,2,0,4ae192f8-8fd0-49b8-a635-d006bd10ed27,19HL,supplement,0,1,1601504277343,0,0
plugin_ios_activity_recognition,"[""stationary""]",0,2,0,4ae192f8-8fd0-49b8-a635-d006bd10ed27,19HL,supplement,0,1,1601504457343,0,0
plugin_ios_activity_recognition,"[""stationary""]",0,2,0,4ae192f8-8fd0-49b8-a635-d006bd10ed27,19HL,supplement,0,1,1601504637343,0,0
plugin_ios_activity_recognition,"[""stationary""]",0,2,0,4ae192f8-8fd0-49b8-a635-d006bd10ed27,19HL,supplement,0,1,1601504817343,0,0
plugin_ios_activity_recognition,"[""stationary""]",0,2,0,4ae192f8-8fd0-49b8-a635-d006bd10ed27,19HL,supplement,0,1,1601504997343,0,0
plugin_ios_activity_recognition,"[""stationary""]",0,2,0,4ae192f8-8fd0-49b8-a635-d006bd10ed27,19HL,supplement,0,1,1601505177343,0,0
plugin_ios_activity_recognition,"[""stationary""]",0,2,0,4ae192f8-8fd0-49b8-a635-d006bd10ed27,19HL,supplement,0,1,1601505357343,0,0
plugin_ios_activity_recognition,"[""stationary""]",0,2,0,4ae192f8-8fd0-49b8-a635-d006bd10ed27,19HL,supplement,0,1,1601505537343,0,0
plugin_ios_activity_recognition,"[""stationary""]",0,2,0,4ae192f8-8fd0-49b8-a635-d006bd10ed27,19HL,supplement,0,1,1601505717343,0,0
plugin_ios_activity_recognition,"[""stationary""]",0,2,0,4ae192f8-8fd0-49b8-a635-d006bd10ed27,19HL,supplement,0,1,1601505897343,0,0
plugin_ios_activity_recognition,"[""stationary""]",0,2,0,4ae192f8-8fd0-49b8-a635-d006bd10ed27,19HL,supplement,0,1,1601506077343,0,0
plugin_ios_activity_recognition,"[""stationary""]",0,2,0,4ae192f8-8fd0-49b8-a635-d006bd10ed27,19HL,supplement,0,1,1601506257343,0,0
plugin_ios_activity_recognition,"[""stationary""]",0,2,0,4ae192f8-8fd0-49b8-a635-d006bd10ed27,19HL,supplement,0,1,1601506437343,0,0
plugin_ios_activity_recognition,"[""stationary""]",0,2,0,4ae192f8-8fd0-49b8-a635-d006bd10ed27,19HL,supplement,0,1,1601506617343,0,0
plugin_ios_activity_recognition,"[""stationary""]",0,2,0,4ae192f8-8fd0-49b8-a635-d006bd10ed27,19HL,supplement,0,1,1601506797343,0,0
plugin_ios_activity_recognition,"[""stationary""]",0,2,0,4ae192f8-8fd0-49b8-a635-d006bd10ed27,19HL,supplement,0,1,1601506977343,0,0
plugin_ios_activity_recognition,"[""stationary""]",0,2,0,4ae192f8-8fd0-49b8-a635-d006bd10ed27,19HL,supplement,0,1,1601507157343,0,0
plugin_ios_activity_recognition,"[""stationary""]",0,2,0,4ae192f8-8fd0-49b8-a635-d006bd10ed27,19HL,supplement,0,1,1601507337343,0,0
plugin_ios_activity_recognition,"[""stationary""]",0,2,0,4ae192f8-8fd0-49b8-a635-d006bd10ed27,19HL,supplement,0,1,1601507517343,0,0
plugin_ios_activity_recognition,"[""stationary""]",0,2,0,4ae192f8-8fd0-49b8-a635-d006bd10ed27,19HL,supplement,0,1,1601507697343,0,0
plugin_ios_activity_recognition,"[""stationary""]",0,2,0,4ae192f8-8fd0-49b8-a635-d006bd10ed27,19HL,supplement,0,1,1601507877343,0,0
plugin_ios_activity_recognition,"[""stationary""]",0,2,0,4ae192f8-8fd0-49b8-a635-d006bd10ed27,19HL,supplement,0,1,1601508057343,0,0
plugin_ios_activity_recognition,"[""stationary""]",0,2,0,4ae192f8-8fd0-49b8-a635-d006bd10ed27,19HL,supplement,0,1,1601508237343,0,0
plugin_ios_activity_recognition,"[""stationary""]",0,2,0,4ae192f8-8fd0-49b8-a635-d006bd10ed27,19HL,supplement,0,1,1601508417343,0,0
plugin_ios_activity_recognition,"[""stationary""]",0,2,0,4ae192f8-8fd0-49b8-a635-d006bd10ed27,19HL,supplement,0,1,1601508597343,0,0
plugin_ios_activity_recognition,"[""stationary""]",0,2,0,4ae192f8-8fd0-49b8-a635-d006bd10ed27,19HL,supplement,0,1,1601508777343,0,0
plugin_ios_activity_recognition,"[""stationary""]",0,2,0,4ae192f8-8fd0-49b8-a635-d006bd10ed27,19HL,supplement,0,1,1601508957343,0,0
plugin_ios_activity_recognition,"[""stationary""]",0,2,0,4ae192f8-8fd0-49b8-a635-d006bd10ed27,19HL,supplement,0,1,1601509137343,0,0
plugin_ios_activity_recognition,"[""stationary""]",0,2,0,4ae192f8-8fd0-49b8-a635-d006bd10ed27,19HL,supplement,0,1,1601509317343,0,0
plugin_ios_activity_recognition,"[""stationary""]",0,2,0,4ae192f8-8fd0-49b8-a635-d006bd10ed27,19HL,supplement,0,1,1601509497343,0,0
plugin_ios_activity_recognition,"[""stationary""]",0,2,0,4ae192f8-8fd0-49b8-a635-d006bd10ed27,19HL,supplement,0,1,1601509677343,0,0
plugin_ios_activity_recognition,"[""stationary""]",0,2,0,4ae192f8-8fd0-49b8-a635-d006bd10ed27,19HL,supplement,0,1,1601509857343,0,0
plugin_ios_activity_recognition,"[""stationary""]",0,2,0,4ae192f8-8fd0-49b8-a635-d006bd10ed27,19HL,supplement,0,1,1601510037343,0,0
plugin_ios_activity_recognition,"[""stationary""]",0,2,0,4ae192f8-8fd0-49b8-a635-d006bd10ed27,19HL,supplement,0,1,1601510217343,0,0
plugin_ios_activity_recognition,"[""stationary""]",0,2,0,4ae192f8-8fd0-49b8-a635-d006bd10ed27,19HL,supplement,0,1,1601510397343,0,0
